<?xml version="1.0" encoding="UTF-8"?>
<project-private xmlns="http://www.netbeans.org/ns/project-private/1">
    <editor-bookmarks xmlns="http://www.netbeans.org/ns/editor-bookmarks/2" lastBookmarkId="0"/>
    <open-files xmlns="http://www.netbeans.org/ns/projectui-open-files/2">
        <group>
            <file>file:/D:/Andrés%20Miranda%20Arias/Documents/II%20-%2019/Compiladores%20E%20Interpretes/Proyectos/II%20Proyecto%20-%20Analisis%20Contextual/Triangle_Java_IDE_LL_Pérez____Navarro___Fallas/ide-triangle-v1.1.src/src/Triangle/ContextualAnalyzer/IdEntry.java</file>
            <file>file:/D:/Andrés%20Miranda%20Arias/Documents/II%20-%2019/Compiladores%20E%20Interpretes/Proyectos/II%20Proyecto%20-%20Analisis%20Contextual/Triangle_Java_IDE_LL_Pérez____Navarro___Fallas/ide-triangle-v1.1.src/src/Triangle/ContextualAnalyzer/Checker.java</file>
            <file>file:/D:/Andrés%20Miranda%20Arias/Documents/II%20-%2019/Compiladores%20E%20Interpretes/Proyectos/II%20Proyecto%20-%20Analisis%20Contextual/Triangle_Java_IDE_LL_Pérez____Navarro___Fallas/ide-triangle-v1.1.src/src/Triangle/ContextualAnalyzer/IdentificationTable.java</file>
            <file>file:/D:/Andrés%20Miranda%20Arias/Documents/II%20-%2019/Compiladores%20E%20Interpretes/Proyectos/II%20Proyecto%20-%20Analisis%20Contextual/Triangle_Java_IDE_LL_Pérez____Navarro___Fallas/ide-triangle-v1.1.src/src/Triangle/TreeWriterXML/WriterVisitor.java</file>
            <file>file:/D:/Andrés%20Miranda%20Arias/Documents/II%20-%2019/Compiladores%20E%20Interpretes/Proyectos/II%20Proyecto%20-%20Analisis%20Contextual/Triangle_Java_IDE_LL_Pérez____Navarro___Fallas/ide-triangle-v1.1.src/src/Triangle/TreeWriterXML/Writer.java</file>
        </group>
    </open-files>
</project-private>
